rel_pkl,source_chunk_idx
CMU/114/114_07.pkl,191
CMU/114/114_07.pkl,192
CMU/114/114_07.pkl,196
CMU/114/114_07.pkl,197
CMU/114/114_07.pkl,198
CMU/114/114_07.pkl,199
CMU/114/114_07.pkl,200
CMU/114/114_07.pkl,201
CMU/114/114_07.pkl,202
CMU/114/114_07.pkl,203
CMU/114/114_07.pkl,204
CMU/114/114_07.pkl,205
CMU/114/114_07.pkl,206
CMU/114/114_07.pkl,207
CMU/114/114_07.pkl,208
CMU/114/114_07.pkl,209
CMU/114/114_07.pkl,210
CMU/114/114_07.pkl,211
CMU/114/114_07.pkl,212
CMU/114/114_07.pkl,213
CMU/114/114_07.pkl,214
CMU/114/114_07.pkl,215
CMU/114/114_07.pkl,216
CMU/114/114_07.pkl,217
CMU/114/114_07.pkl,218
CMU/114/114_07.pkl,219
CMU/114/114_07.pkl,220
CMU/114/114_07.pkl,226
CMU/114/114_07.pkl,227
CMU/114/114_07.pkl,228
CMU/114/114_07.pkl,229
CMU/114/114_07.pkl,230
CMU/114/114_07.pkl,231
CMU/114/114_07.pkl,232
CMU/114/114_07.pkl,240
CMU/114/114_07.pkl,241
CMU/114/114_07.pkl,242
CMU/114/114_07.pkl,243
CMU/114/114_07.pkl,244
CMU/114/114_08.pkl,175
CMU/114/114_08.pkl,176
CMU/114/114_08.pkl,177
CMU/114/114_08.pkl,178
CMU/114/114_08.pkl,186
CMU/114/114_08.pkl,189
CMU/114/114_08.pkl,190
CMU/114/114_08.pkl,191
CMU/114/114_08.pkl,192
CMU/114/114_08.pkl,193
CMU/114/114_08.pkl,194
CMU/114/114_08.pkl,195
CMU/114/114_08.pkl,196
CMU/114/114_08.pkl,207
CMU/114/114_08.pkl,208
CMU/114/114_08.pkl,209
CMU/114/114_08.pkl,210
CMU/114/114_08.pkl,211
CMU/114/114_08.pkl,212
CMU/114/114_08.pkl,213
CMU/114/114_08.pkl,214
CMU/114/114_08.pkl,215
CMU/114/114_08.pkl,216
CMU/114/114_08.pkl,217
CMU/114/114_08.pkl,218
CMU/114/114_08.pkl,219
CMU/114/114_08.pkl,220
CMU/114/114_08.pkl,221
CMU/114/114_08.pkl,222
CMU/114/114_08.pkl,223
CMU/114/114_09.pkl,158
CMU/114/114_09.pkl,159
CMU/114/114_09.pkl,173
CMU/114/114_09.pkl,174
CMU/114/114_09.pkl,175
CMU/114/114_09.pkl,176
CMU/114/114_09.pkl,177
CMU/114/114_09.pkl,189
CMU/114/114_09.pkl,190
CMU/114/114_09.pkl,191
CMU/114/114_09.pkl,192
CMU/114/114_09.pkl,193
CMU/114/114_09.pkl,194
CMU/114/114_09.pkl,195
CMU/114/114_09.pkl,324
CMU/114/114_09.pkl,325
CMU/114/114_09.pkl,326
CMU/114/114_09.pkl,327
CMU/114/114_09.pkl,328
CMU/114/114_09.pkl,338
CMU/114/114_09.pkl,339
CMU/114/114_09.pkl,340
CMU/114/114_09.pkl,341
CMU/114/114_09.pkl,342
CMU/114/114_09.pkl,343
CMU/114/114_09.pkl,344
CMU/114/114_09.pkl,354
CMU/114/114_09.pkl,355
CMU/114/114_09.pkl,356
CMU/114/114_09.pkl,357
CMU/13/13_35.pkl,153
CMU/13/13_35.pkl,154
CMU/13/13_35.pkl,155
CMU/13/13_35.pkl,156
CMU/13/13_35.pkl,157
CMU/13/13_35.pkl,158
CMU/13/13_35.pkl,159
CMU/13/13_35.pkl,160
CMU/13/13_35.pkl,161
CMU/13/13_35.pkl,162
CMU/13/13_35.pkl,163
CMU/13/13_35.pkl,164
CMU/13/13_35.pkl,165
CMU/13/13_35.pkl,166
CMU/13/13_35.pkl,167
CMU/13/13_35.pkl,168
CMU/13/13_35.pkl,169
CMU/13/13_35.pkl,170
CMU/13/13_35.pkl,171
CMU/13/13_35.pkl,172
CMU/13/13_35.pkl,173
CMU/13/13_35.pkl,175
CMU/13/13_35.pkl,176
CMU/13/13_35.pkl,177
CMU/13/13_35.pkl,178
CMU/13/13_35.pkl,179
CMU/13/13_35.pkl,180
CMU/13/13_35.pkl,181
CMU/13/13_35.pkl,182
CMU/13/13_35.pkl,183
CMU/13/13_35.pkl,184
CMU/13/13_35.pkl,185
CMU/13/13_35.pkl,186
CMU/13/13_35.pkl,188
CMU/13/13_35.pkl,189
CMU/13/13_35.pkl,190
CMU/13/13_35.pkl,191
CMU/13/13_35.pkl,192
CMU/13/13_35.pkl,193
CMU/13/13_35.pkl,209
CMU/13/13_35.pkl,210
CMU/13/13_35.pkl,211
CMU/13/13_35.pkl,212
CMU/13/13_35.pkl,213
CMU/13/13_35.pkl,214
CMU/13/13_35.pkl,215
CMU/13/13_35.pkl,216
CMU/13/13_35.pkl,217
CMU/13/13_36.pkl,180
CMU/13/13_36.pkl,181
CMU/13/13_36.pkl,182
CMU/13/13_36.pkl,183
CMU/13/13_36.pkl,184
CMU/13/13_36.pkl,185
CMU/13/13_36.pkl,186
CMU/13/13_36.pkl,187
CMU/13/13_36.pkl,188
CMU/13/13_36.pkl,189
CMU/13/13_36.pkl,190
CMU/13/13_36.pkl,191
CMU/13/13_36.pkl,192
CMU/13/13_36.pkl,193
CMU/13/13_36.pkl,194
CMU/13/13_36.pkl,195
CMU/13/13_36.pkl,196
CMU/13/13_36.pkl,197
CMU/13/13_36.pkl,198
CMU/13/13_36.pkl,199
CMU/13/13_36.pkl,200
CMU/13/13_36.pkl,201
CMU/13/13_36.pkl,202
CMU/13/13_36.pkl,203
CMU/13/13_36.pkl,204
CMU/13/13_36.pkl,205
CMU/13/13_36.pkl,206
CMU/13/13_36.pkl,207
CMU/13/13_36.pkl,208
CMU/13/13_36.pkl,209
CMU/13/13_36.pkl,229
CMU/13/13_36.pkl,230
CMU/13/13_38.pkl,163
CMU/13/13_38.pkl,164
CMU/13/13_38.pkl,165
CMU/13/13_38.pkl,166
CMU/13/13_38.pkl,167
CMU/13/13_38.pkl,168
CMU/13/13_38.pkl,169
CMU/13/13_38.pkl,170
CMU/13/13_38.pkl,171
CMU/13/13_38.pkl,172
CMU/13/13_38.pkl,173
CMU/13/13_38.pkl,174
CMU/13/13_38.pkl,181
CMU/13/13_38.pkl,182
CMU/13/13_38.pkl,183
CMU/13/13_38.pkl,184
CMU/13/13_38.pkl,185
CMU/13/13_38.pkl,186
CMU/13/13_38.pkl,209
CMU/13/13_38.pkl,210
CMU/13/13_38.pkl,211
CMU/13/13_38.pkl,212
CMU/141/141_08.pkl,35
CMU/141/141_08.pkl,36
CMU/141/141_08.pkl,37
CMU/141/141_08.pkl,38
CMU/15/15_02.pkl,909
CMU/15/15_02.pkl,910
CMU/15/15_02.pkl,911
CMU/15/15_02.pkl,912
CMU/15/15_02.pkl,913
CMU/15/15_02.pkl,914
CMU/15/15_02.pkl,915
CMU/15/15_02.pkl,916
CMU/15/15_02.pkl,917
CMU/15/15_02.pkl,918
CMU/15/15_02.pkl,936
CMU/15/15_02.pkl,937
CMU/15/15_02.pkl,950
CMU/15/15_02.pkl,951
CMU/15/15_02.pkl,1135
CMU/15/15_02.pkl,1136
CMU/15/15_02.pkl,1137
CMU/15/15_02.pkl,1138
CMU/15/15_02.pkl,1139
CMU/15/15_02.pkl,1140
CMU/15/15_02.pkl,1141
CMU/15/15_02.pkl,1142
CMU/15/15_02.pkl,1143
CMU/15/15_02.pkl,1144
CMU/15/15_02.pkl,1145
CMU/15/15_02.pkl,1146
CMU/15/15_02.pkl,1147
CMU/15/15_02.pkl,1148
CMU/15/15_02.pkl,1149
CMU/15/15_02.pkl,1150
CMU/15/15_02.pkl,1151
CMU/15/15_02.pkl,1152
CMU/15/15_02.pkl,1153
CMU/15/15_02.pkl,1154
CMU/15/15_02.pkl,1155
CMU/15/15_02.pkl,1156
CMU/15/15_02.pkl,1157
CMU/15/15_02.pkl,1158
CMU/15/15_02.pkl,1159
CMU/15/15_02.pkl,1160
CMU/15/15_02.pkl,1161
CMU/15/15_02.pkl,1164
CMU/15/15_02.pkl,1165
CMU/15/15_02.pkl,1166
CMU/15/15_02.pkl,1167
CMU/15/15_02.pkl,1168
CMU/15/15_02.pkl,1169
CMU/15/15_02.pkl,1170
CMU/15/15_02.pkl,1171
CMU/15/15_02.pkl,1172
CMU/15/15_02.pkl,1173
CMU/15/15_02.pkl,1174
CMU/15/15_02.pkl,1180
CMU/15/15_02.pkl,1181
CMU/15/15_02.pkl,1182
CMU/15/15_02.pkl,3832
CMU/15/15_02.pkl,3833
CMU/15/15_02.pkl,3834
CMU/15/15_02.pkl,3835
CMU/15/15_02.pkl,3836
CMU/15/15_02.pkl,3837
CMU/15/15_02.pkl,3838
CMU/15/15_02.pkl,3839
CMU/15/15_02.pkl,3840
CMU/15/15_02.pkl,3841
CMU/15/15_02.pkl,3842
CMU/15/15_02.pkl,3843
CMU/15/15_02.pkl,3844
CMU/15/15_02.pkl,3845
CMU/15/15_02.pkl,3846
CMU/15/15_02.pkl,3847
CMU/15/15_02.pkl,3854
CMU/15/15_02.pkl,3855
CMU/15/15_02.pkl,3856
CMU/15/15_02.pkl,3857
CMU/15/15_02.pkl,3858
CMU/15/15_02.pkl,3859
CMU/15/15_02.pkl,3860
CMU/15/15_02.pkl,3861
CMU/15/15_02.pkl,4082
CMU/15/15_02.pkl,4083
CMU/15/15_02.pkl,4084
CMU/15/15_02.pkl,4085
CMU/15/15_02.pkl,4086
CMU/15/15_02.pkl,4087
CMU/15/15_02.pkl,4088
CMU/15/15_02.pkl,4089
CMU/15/15_02.pkl,4090
CMU/15/15_02.pkl,4091
CMU/15/15_02.pkl,4092
CMU/15/15_02.pkl,4095
CMU/15/15_02.pkl,4096
CMU/15/15_02.pkl,4097
CMU/15/15_02.pkl,4098
CMU/15/15_02.pkl,4099
CMU/15/15_02.pkl,4100
CMU/15/15_02.pkl,4101
CMU/15/15_02.pkl,4102
CMU/15/15_02.pkl,4103
CMU/15/15_02.pkl,4104
CMU/15/15_02.pkl,4105
CMU/15/15_02.pkl,4106
CMU/15/15_02.pkl,4107
CMU/15/15_02.pkl,4108
CMU/15/15_02.pkl,4109
CMU/15/15_02.pkl,4110
CMU/15/15_02.pkl,4111
CMU/15/15_02.pkl,4112
CMU/15/15_02.pkl,4113
CMU/15/15_02.pkl,4114
CMU/15/15_02.pkl,4115
CMU/15/15_02.pkl,4116
CMU/15/15_02.pkl,4117
CMU/15/15_02.pkl,4118
CMU/15/15_02.pkl,4119
CMU/15/15_02.pkl,4120
CMU/15/15_02.pkl,4121
CMU/15/15_02.pkl,4122
CMU/15/15_02.pkl,4301
CMU/15/15_02.pkl,4302
CMU/15/15_02.pkl,4303
CMU/15/15_02.pkl,4304
CMU/15/15_02.pkl,4305
CMU/15/15_02.pkl,4313
CMU/15/15_02.pkl,4314
CMU/15/15_02.pkl,4315
CMU/15/15_02.pkl,4316
CMU/15/15_02.pkl,4317
CMU/15/15_02.pkl,4318
CMU/15/15_02.pkl,4330
CMU/15/15_02.pkl,4331
CMU/15/15_02.pkl,4332
CMU/15/15_02.pkl,4333
CMU/15/15_02.pkl,4334
CMU/15/15_02.pkl,4335
CMU/15/15_02.pkl,4349
CMU/15/15_02.pkl,4350
CMU/15/15_02.pkl,4351
CMU/15/15_02.pkl,4352
CMU/15/15_02.pkl,4353
CMU/15/15_02.pkl,4370
CMU/15/15_02.pkl,4371
CMU/15/15_02.pkl,4372
CMU/36/36_04.pkl,54
CMU/36/36_04.pkl,55
CMU/36/36_04.pkl,56
CMU/36/36_04.pkl,57
CMU/36/36_04.pkl,58
CMU/36/36_04.pkl,59
CMU/36/36_04.pkl,60
CMU/36/36_04.pkl,61
CMU/36/36_04.pkl,62
CMU/36/36_04.pkl,63
CMU/36/36_04.pkl,64
CMU/36/36_04.pkl,65
CMU/36/36_04.pkl,66
CMU/36/36_04.pkl,67
CMU/36/36_04.pkl,68
CMU/36/36_04.pkl,69
CMU/36/36_04.pkl,70
CMU/36/36_04.pkl,71
CMU/36/36_04.pkl,72
CMU/36/36_04.pkl,73
CMU/36/36_04.pkl,127
CMU/36/36_04.pkl,128
CMU/36/36_04.pkl,129
CMU/36/36_04.pkl,253
CMU/36/36_04.pkl,254
CMU/36/36_04.pkl,255
CMU/36/36_04.pkl,256
CMU/36/36_04.pkl,257
CMU/36/36_04.pkl,258
CMU/36/36_04.pkl,259
CMU/36/36_04.pkl,270
CMU/36/36_04.pkl,271
CMU/36/36_04.pkl,272
CMU/36/36_04.pkl,273
CMU/36/36_04.pkl,274
CMU/36/36_04.pkl,275
CMU/36/36_04.pkl,335
CMU/36/36_04.pkl,336
CMU/36/36_04.pkl,337
CMU/36/36_04.pkl,338
CMU/36/36_04.pkl,339
CMU/36/36_04.pkl,340
CMU/36/36_04.pkl,341
CMU/36/36_04.pkl,342
CMU/36/36_04.pkl,343
CMU/36/36_04.pkl,351
CMU/36/36_04.pkl,352
CMU/36/36_04.pkl,353
CMU/36/36_04.pkl,355
CMU/36/36_04.pkl,356
CMU/36/36_04.pkl,357
CMU/36/36_04.pkl,358
CMU/36/36_04.pkl,506
CMU/36/36_04.pkl,507
CMU/36/36_04.pkl,670
CMU/36/36_04.pkl,671
CMU/36/36_04.pkl,672
CMU/36/36_04.pkl,673
CMU/36/36_07.pkl,86
CMU/36/36_07.pkl,87
CMU/36/36_07.pkl,88
CMU/36/36_07.pkl,89
CMU/36/36_07.pkl,103
CMU/36/36_07.pkl,104
CMU/36/36_07.pkl,105
CMU/36/36_07.pkl,106
CMU/36/36_07.pkl,107
CMU/36/36_07.pkl,108
CMU/36/36_07.pkl,121
CMU/36/36_07.pkl,122
CMU/36/36_07.pkl,123
CMU/36/36_07.pkl,124
CMU/36/36_07.pkl,125
CMU/36/36_07.pkl,136
CMU/36/36_07.pkl,137
CMU/36/36_07.pkl,138
CMU/36/36_07.pkl,139
CMU/36/36_07.pkl,140
CMU/36/36_07.pkl,147
CMU/36/36_07.pkl,148
CMU/36/36_07.pkl,149
CMU/36/36_07.pkl,150
CMU/36/36_07.pkl,151
CMU/36/36_07.pkl,152
CMU/36/36_07.pkl,153
CMU/36/36_07.pkl,154
CMU/36/36_07.pkl,155
CMU/36/36_07.pkl,156
CMU/36/36_07.pkl,337
CMU/36/36_07.pkl,338
CMU/36/36_07.pkl,339
CMU/36/36_07.pkl,340
CMU/36/36_07.pkl,341
CMU/36/36_07.pkl,342
CMU/36/36_07.pkl,343
CMU/36/36_07.pkl,344
CMU/36/36_07.pkl,349
CMU/36/36_07.pkl,350
CMU/36/36_07.pkl,351
CMU/36/36_07.pkl,352
CMU/36/36_07.pkl,353
CMU/36/36_07.pkl,354
CMU/36/36_07.pkl,355
CMU/36/36_07.pkl,356
CMU/36/36_07.pkl,357
CMU/36/36_07.pkl,358
CMU/36/36_07.pkl,359
CMU/36/36_07.pkl,360
CMU/36/36_07.pkl,361
CMU/36/36_07.pkl,362
CMU/36/36_07.pkl,363
CMU/36/36_07.pkl,364
CMU/36/36_07.pkl,365
CMU/36/36_07.pkl,366
CMU/36/36_07.pkl,367
CMU/36/36_07.pkl,368
CMU/36/36_07.pkl,369
CMU/36/36_07.pkl,370
CMU/36/36_07.pkl,371
CMU/36/36_07.pkl,372
CMU/36/36_07.pkl,373
CMU/36/36_07.pkl,374
CMU/36/36_07.pkl,375
CMU/36/36_07.pkl,376
CMU/36/36_07.pkl,377
CMU/36/36_07.pkl,378
CMU/36/36_07.pkl,514
CMU/36/36_07.pkl,515
CMU/36/36_07.pkl,529
CMU/36/36_07.pkl,530
CMU/36/36_07.pkl,531
CMU/36/36_07.pkl,532
CMU/36/36_07.pkl,544
CMU/36/36_07.pkl,545
CMU/36/36_07.pkl,546
CMU/36/36_07.pkl,547
CMU/36/36_07.pkl,548
CMU/36/36_07.pkl,549
CMU/36/36_07.pkl,554
CMU/36/36_07.pkl,700
CMU/36/36_07.pkl,701
CMU/36/36_07.pkl,702
CMU/36/36_07.pkl,703
CMU/36/36_07.pkl,704
CMU/36/36_07.pkl,705
CMU/36/36_07.pkl,706
CMU/36/36_10.pkl,201
CMU/36/36_10.pkl,202
CMU/36/36_10.pkl,253
CMU/36/36_10.pkl,254
CMU/36/36_10.pkl,255
CMU/36/36_10.pkl,256
CMU/36/36_10.pkl,257
CMU/36/36_10.pkl,510
CMU/36/36_10.pkl,511
CMU/36/36_10.pkl,512
CMU/36/36_10.pkl,513
CMU/36/36_10.pkl,514
CMU/36/36_10.pkl,561
CMU/36/36_10.pkl,562
CMU/36/36_10.pkl,563
CMU/36/36_11.pkl,134
CMU/36/36_11.pkl,135
CMU/36/36_11.pkl,136
CMU/36/36_11.pkl,137
CMU/36/36_11.pkl,146
CMU/36/36_11.pkl,147
CMU/36/36_11.pkl,148
CMU/36/36_11.pkl,410
CMU/36/36_11.pkl,411
CMU/36/36_11.pkl,412
CMU/36/36_11.pkl,413
CMU/36/36_11.pkl,414
CMU/36/36_11.pkl,421
CMU/36/36_11.pkl,422
CMU/36/36_11.pkl,423
CMU/36/36_11.pkl,560
CMU/36/36_11.pkl,561
CMU/36/36_11.pkl,562
CMU/36/36_11.pkl,568
CMU/36/36_11.pkl,612
CMU/36/36_11.pkl,613
CMU/36/36_11.pkl,659
CMU/36/36_13.pkl,59
CMU/36/36_13.pkl,60
CMU/36/36_13.pkl,61
CMU/36/36_13.pkl,62
CMU/36/36_13.pkl,63
CMU/36/36_13.pkl,64
CMU/36/36_13.pkl,192
CMU/36/36_13.pkl,193
CMU/36/36_13.pkl,194
CMU/36/36_13.pkl,197
CMU/36/36_13.pkl,198
CMU/36/36_13.pkl,374
CMU/36/36_13.pkl,375
CMU/36/36_13.pkl,376
CMU/36/36_13.pkl,683
CMU/36/36_13.pkl,684
CMU/36/36_13.pkl,830
CMU/36/36_13.pkl,831
CMU/36/36_13.pkl,832
CMU/36/36_13.pkl,833
CMU/36/36_14.pkl,227
CMU/36/36_14.pkl,228
CMU/36/36_14.pkl,229
CMU/36/36_14.pkl,230
CMU/36/36_14.pkl,240
CMU/36/36_14.pkl,241
CMU/36/36_14.pkl,242
CMU/36/36_14.pkl,243
CMU/36/36_14.pkl,244
CMU/36/36_14.pkl,245
CMU/36/36_14.pkl,246
CMU/36/36_14.pkl,247
CMU/36/36_14.pkl,302
CMU/36/36_14.pkl,303
CMU/36/36_14.pkl,304
CMU/36/36_14.pkl,305
CMU/36/36_14.pkl,308
CMU/36/36_14.pkl,309
CMU/36/36_14.pkl,561
CMU/36/36_14.pkl,562
CMU/36/36_14.pkl,563
CMU/36/36_14.pkl,666
CMU/36/36_14.pkl,667
CMU/36/36_14.pkl,668
CMU/36/36_14.pkl,680
CMU/36/36_14.pkl,681
CMU/36/36_14.pkl,682
CMU/36/36_14.pkl,683
CMU/36/36_14.pkl,684
CMU/36/36_14.pkl,685
CMU/36/36_14.pkl,686
CMU/36/36_14.pkl,687
CMU/36/36_14.pkl,688
CMU/36/36_14.pkl,689
CMU/36/36_14.pkl,690
CMU/36/36_14.pkl,691
CMU/36/36_14.pkl,692
CMU/36/36_14.pkl,693
CMU/36/36_14.pkl,778
CMU/36/36_14.pkl,779
CMU/36/36_14.pkl,780
CMU/36/36_14.pkl,781
CMU/36/36_14.pkl,782
CMU/36/36_17.pkl,173
CMU/36/36_17.pkl,190
CMU/36/36_17.pkl,191
CMU/36/36_17.pkl,192
CMU/36/36_17.pkl,193
CMU/36/36_17.pkl,194
CMU/36/36_17.pkl,195
CMU/36/36_17.pkl,196
CMU/36/36_17.pkl,359
CMU/36/36_17.pkl,360
CMU/36/36_17.pkl,361
CMU/36/36_17.pkl,362
CMU/36/36_17.pkl,363
CMU/36/36_17.pkl,364
CMU/36/36_17.pkl,365
CMU/36/36_17.pkl,542
CMU/36/36_17.pkl,543
CMU/36/36_17.pkl,544
CMU/36/36_17.pkl,545
CMU/36/36_17.pkl,546
CMU/36/36_17.pkl,560
CMU/36/36_17.pkl,561
CMU/36/36_17.pkl,562
CMU/36/36_17.pkl,563
CMU/36/36_17.pkl,564
CMU/36/36_17.pkl,565
CMU/36/36_17.pkl,779
CMU/36/36_17.pkl,780
CMU/36/36_17.pkl,781
CMU/36/36_17.pkl,782
CMU/36/36_17.pkl,783
CMU/36/36_17.pkl,784
CMU/36/36_17.pkl,785
CMU/36/36_17.pkl,787
CMU/36/36_17.pkl,789
CMU/36/36_17.pkl,791
CMU/36/36_17.pkl,797
CMU/36/36_17.pkl,798
CMU/36/36_17.pkl,799
CMU/36/36_17.pkl,844
CMU/36/36_17.pkl,845
CMU/36/36_17.pkl,846
CMU/36/36_17.pkl,847
CMU/36/36_17.pkl,848
CMU/36/36_17.pkl,849
CMU/36/36_17.pkl,850
CMU/36/36_20.pkl,535
CMU/36/36_20.pkl,536
CMU/36/36_20.pkl,537
CMU/36/36_20.pkl,538
CMU/36/36_20.pkl,566
CMU/36/36_20.pkl,567
CMU/36/36_20.pkl,568
CMU/36/36_20.pkl,569
CMU/36/36_20.pkl,570
CMU/36/36_20.pkl,571
CMU/36/36_20.pkl,572
CMU/36/36_20.pkl,665
CMU/36/36_20.pkl,666
CMU/36/36_20.pkl,667
CMU/36/36_20.pkl,668
CMU/36/36_21.pkl,154
CMU/36/36_21.pkl,155
CMU/36/36_21.pkl,156
CMU/36/36_21.pkl,157
CMU/36/36_21.pkl,158
CMU/36/36_21.pkl,517
CMU/36/36_21.pkl,518
CMU/36/36_21.pkl,519
CMU/36/36_21.pkl,520
CMU/36/36_21.pkl,528
CMU/36/36_21.pkl,529
CMU/36/36_21.pkl,530
CMU/36/36_21.pkl,531
CMU/36/36_21.pkl,532
CMU/36/36_21.pkl,533
CMU/36/36_22.pkl,414
CMU/36/36_22.pkl,415
CMU/36/36_22.pkl,416
CMU/36/36_22.pkl,417
CMU/36/36_22.pkl,674
CMU/36/36_22.pkl,675
CMU/36/36_22.pkl,676
CMU/36/36_22.pkl,731
CMU/36/36_22.pkl,732
CMU/36/36_22.pkl,733
CMU/36/36_24.pkl,19
CMU/36/36_24.pkl,20
CMU/36/36_24.pkl,584
CMU/36/36_24.pkl,585
CMU/36/36_24.pkl,586
CMU/36/36_24.pkl,587
CMU/36/36_24.pkl,588
CMU/36/36_24.pkl,589
CMU/36/36_24.pkl,590
CMU/36/36_24.pkl,591
CMU/36/36_24.pkl,660
CMU/36/36_24.pkl,661
CMU/36/36_24.pkl,662
CMU/36/36_24.pkl,782
CMU/36/36_24.pkl,783
CMU/36/36_25.pkl,287
CMU/36/36_25.pkl,288
CMU/36/36_25.pkl,289
CMU/36/36_25.pkl,290
CMU/36/36_25.pkl,291
CMU/36/36_25.pkl,307
CMU/36/36_25.pkl,308
CMU/36/36_25.pkl,309
CMU/36/36_25.pkl,310
CMU/36/36_25.pkl,311
CMU/36/36_25.pkl,312
CMU/36/36_27.pkl,6
CMU/36/36_27.pkl,7
CMU/36/36_27.pkl,8
CMU/36/36_27.pkl,9
CMU/36/36_27.pkl,10
CMU/36/36_27.pkl,11
CMU/36/36_27.pkl,12
CMU/36/36_27.pkl,310
CMU/36/36_27.pkl,311
CMU/36/36_27.pkl,312
CMU/36/36_27.pkl,313
CMU/36/36_27.pkl,314
CMU/36/36_27.pkl,315
CMU/36/36_27.pkl,513
CMU/36/36_27.pkl,514
CMU/36/36_27.pkl,515
CMU/36/36_27.pkl,533
CMU/36/36_33.pkl,214
CMU/36/36_33.pkl,215
CMU/36/36_33.pkl,216
CMU/36/36_33.pkl,217
CMU/36/36_33.pkl,218
CMU/36/36_33.pkl,219
CMU/36/36_33.pkl,220
CMU/36/36_33.pkl,221
CMU/36/36_33.pkl,222
CMU/36/36_33.pkl,223
CMU/36/36_33.pkl,224
CMU/36/36_33.pkl,225
CMU/36/36_33.pkl,226
CMU/36/36_33.pkl,227
CMU/36/36_33.pkl,228
CMU/36/36_33.pkl,822
CMU/36/36_33.pkl,823
CMU/36/36_33.pkl,824
CMU/36/36_33.pkl,825
CMU/36/36_33.pkl,826
CMU/36/36_33.pkl,827
CMU/36/36_34.pkl,683
CMU/36/36_34.pkl,732
CMU/36/36_34.pkl,733
CMU/36/36_34.pkl,734
CMU/36/36_34.pkl,735
CMU/36/36_34.pkl,736
CMU/36/36_34.pkl,737
CMU/36/36_34.pkl,738
CMU/36/36_34.pkl,739
CMU/36/36_35.pkl,84
CMU/36/36_35.pkl,85
CMU/36/36_35.pkl,86
CMU/36/36_35.pkl,87
CMU/36/36_35.pkl,242
CMU/36/36_35.pkl,243
CMU/36/36_35.pkl,244
CMU/36/36_35.pkl,245
CMU/36/36_35.pkl,638
CMU/36/36_35.pkl,639
CMU/36/36_35.pkl,640
CMU/36/36_35.pkl,815
CMU/36/36_35.pkl,816
CMU/36/36_35.pkl,822
CMU/36/36_35.pkl,823
CMU/36/36_35.pkl,824
CMU/36/36_35.pkl,825
CMU/36/36_35.pkl,835
CMU/36/36_35.pkl,836
CMU/36/36_35.pkl,837
CMU/36/36_35.pkl,838
CMU/36/36_35.pkl,847
CMU/36/36_35.pkl,848
CMU/36/36_35.pkl,849
CMU/36/36_35.pkl,850
CMU/36/36_35.pkl,851
CMU/36/36_35.pkl,852
CMU/36/36_36.pkl,89
CMU/36/36_36.pkl,90
CMU/36/36_36.pkl,91
CMU/36/36_36.pkl,92
CMU/36/36_36.pkl,255
CMU/36/36_36.pkl,256
CMU/36/36_36.pkl,257
CMU/36/36_36.pkl,259
CMU/36/36_36.pkl,260
CMU/36/36_36.pkl,261
CMU/36/36_36.pkl,262
CMU/36/36_36.pkl,314
CMU/36/36_36.pkl,315
CMU/36/36_36.pkl,316
CMU/36/36_36.pkl,585
CMU/36/36_36.pkl,586
CMU/36/36_36.pkl,587
CMU/36/36_36.pkl,588
CMU/36/36_36.pkl,589
CMU/36/36_36.pkl,590
CMU/36/36_36.pkl,591
CMU/36/36_36.pkl,592
CMU/36/36_36.pkl,593
CMU/36/36_36.pkl,594
CMU/36/36_36.pkl,595
CMU/36/36_36.pkl,596
CMU/36/36_36.pkl,597
CMU/36/36_36.pkl,720
CMU/36/36_36.pkl,721
CMU/36/36_36.pkl,722
CMU/36/36_36.pkl,729
CMU/36/36_36.pkl,730
CMU/36/36_36.pkl,731
CMU/36/36_36.pkl,732
CMU/36/36_36.pkl,922
CMU/36/36_36.pkl,923
CMU/36/36_36.pkl,924
CMU/36/36_36.pkl,925
CMU/36/36_36.pkl,926
CMU/36/36_36.pkl,927
CMU/36/36_36.pkl,928
CMU/36/36_36.pkl,934
CMU/36/36_36.pkl,935
CMU/36/36_36.pkl,936
CMU/36/36_36.pkl,937
CMU/36/36_36.pkl,938
CMU/36/36_36.pkl,939
CMU/36/36_36.pkl,940
CMU/40/40_08.pkl,280
CMU/40/40_08.pkl,1299
CMU/40/40_08.pkl,1300
CMU/40/40_08.pkl,1301
CMU/40/40_08.pkl,1302
CMU/40/40_08.pkl,1303
CMU/40/40_08.pkl,1304
CMU/40/40_08.pkl,1305
CMU/40/40_08.pkl,1306
CMU/40/40_08.pkl,1307
CMU/40/40_08.pkl,1308
CMU/40/40_08.pkl,1309
CMU/40/40_08.pkl,1310
CMU/40/40_08.pkl,1311
CMU/40/40_08.pkl,1312
CMU/40/40_08.pkl,1313
CMU/40/40_08.pkl,1314
CMU/40/40_08.pkl,1315
CMU/40/40_08.pkl,1316
CMU/40/40_08.pkl,1317
CMU/40/40_08.pkl,1318
CMU/40/40_08.pkl,1319
CMU/40/40_08.pkl,1320
CMU/40/40_08.pkl,1321
CMU/40/40_08.pkl,1322
CMU/40/40_08.pkl,1323
CMU/40/40_08.pkl,1324
CMU/40/40_08.pkl,1325
CMU/40/40_08.pkl,1326
CMU/40/40_08.pkl,1327
CMU/40/40_08.pkl,1328
CMU/40/40_08.pkl,1329
CMU/40/40_08.pkl,1335
CMU/40/40_08.pkl,1336
CMU/41/41_08.pkl,564
CMU/41/41_08.pkl,565
CMU/41/41_08.pkl,566
CMU/41/41_08.pkl,567
CMU/41/41_08.pkl,568
CMU/41/41_08.pkl,569
CMU/41/41_08.pkl,570
CMU/41/41_08.pkl,571
EKUT/125/SLPD101.pkl,35
EKUT/125/SLPD101.pkl,36
EKUT/125/SLPD101.pkl,37
EKUT/125/SLPD101.pkl,38
EKUT/125/SLPD101.pkl,39
EKUT/125/SLPD101.pkl,40
EKUT/125/SLPD101.pkl,41
EKUT/125/SLPD101.pkl,42
EKUT/125/SLPD101.pkl,43
EKUT/125/SLPD101.pkl,51
EKUT/125/SLPD101.pkl,52
EKUT/125/SLPD101.pkl,53
EKUT/125/SLPD101.pkl,54
EKUT/125/SLPD101.pkl,55
EKUT/125/SLPD101.pkl,66
EKUT/125/SLPD101.pkl,67
EKUT/125/SLPD101.pkl,68
EKUT/125/SLPD101.pkl,78
EKUT/125/SLPD101.pkl,79
EKUT/125/SLPD204.pkl,37
EKUT/125/SLPD204.pkl,38
EKUT/125/SLPD204.pkl,39
EKUT/125/SLPD204.pkl,40
EKUT/125/SLPD204.pkl,41
EKUT/125/SLPD204.pkl,42
EKUT/125/SLPD204.pkl,43
EKUT/125/SLPD204.pkl,44
EKUT/125/SLPD204.pkl,45
EKUT/125/SLPD204.pkl,46
EKUT/125/SLPD204.pkl,47
EKUT/125/SLPD204.pkl,48
EKUT/125/SLPD204.pkl,49
EKUT/125/SLPD204.pkl,50
EKUT/125/SLPD204.pkl,51
EKUT/125/SLPD204.pkl,52
EKUT/125/SLPD204.pkl,53
EKUT/125/SLPD204.pkl,54
EKUT/125/SLPD204.pkl,55
EKUT/125/SLPD204.pkl,56
EKUT/125/SLPD204.pkl,57
EKUT/125/SLPD204.pkl,58
EKUT/125/SLPD204.pkl,59
EKUT/125/SLPD204.pkl,60
EKUT/125/SLPD204.pkl,61
EKUT/125/SLPD204.pkl,62
EKUT/125/SLPD204.pkl,63
EKUT/125/SLPD204.pkl,64
EKUT/125/SLPD204.pkl,65
EKUT/125/SLPD204.pkl,66
EKUT/125/SLPD204.pkl,67
EKUT/125/SLPD204.pkl,68
EKUT/125/SLPD204.pkl,69
EKUT/125/SLPD204.pkl,70
EKUT/125/SLPD205.pkl,55
EKUT/125/SLPD205.pkl,56
EKUT/125/SLPD205.pkl,57
EKUT/125/SLPD205.pkl,58
EKUT/125/SLPD205.pkl,60
EKUT/125/SLPD205.pkl,61
EKUT/125/SLPD205.pkl,62
EKUT/125/SLPD205.pkl,63
EKUT/125/SLPD205.pkl,64
EKUT/125/SLPD205.pkl,65
EKUT/125/SLPD205.pkl,66
EKUT/125/SLPD205.pkl,67
EKUT/125/SLPD205.pkl,68
EKUT/125/SLPD205.pkl,69
EKUT/125/SLPD205.pkl,70
EKUT/125/SLPD205.pkl,71
EKUT/125/SLPD205.pkl,72
EKUT/125/SLPD205.pkl,73
EKUT/125/SLPD205.pkl,74
EKUT/125/SLPD205.pkl,78
EKUT/125/SLPD205.pkl,79
EKUT/125/SLPD205.pkl,80
EKUT/125/SLPD205.pkl,81
EKUT/125/SLPD205.pkl,82
EKUT/125/SLPD205.pkl,87
EKUT/125/SLPD205.pkl,88
EKUT/125/SLPD205.pkl,89
EKUT/125/SLPD205.pkl,90
EKUT/125/SLPD205.pkl,91
EKUT/125/SLPD205.pkl,95
EKUT/125/SLPD205.pkl,96
EKUT/125/SLPD205.pkl,97
EKUT/125/SLPD205.pkl,98
EKUT/125/SLPD205.pkl,99
EKUT/125/WSD2.pkl,22
EKUT/125/WSD2.pkl,23
EKUT/125/WSD2.pkl,24
EKUT/125/WSD2.pkl,25
EKUT/125/WSD2.pkl,26
EKUT/125/WSD2.pkl,27
EKUT/125/WSD2.pkl,28
EKUT/125/WSD2.pkl,29
EKUT/125/WSD2.pkl,30
EKUT/125/WSD2.pkl,31
EKUT/125/WSD2.pkl,32
EKUT/125/WSD2.pkl,33
EKUT/125/WSD2.pkl,34
EKUT/125/WSD2.pkl,41
EKUT/125/WSD2.pkl,42
EKUT/125/WSD2.pkl,43
EKUT/125/WSD2.pkl,44
EKUT/125/WSD2.pkl,51
EKUT/125/WSD2.pkl,52
EKUT/125/WSD2.pkl,53
EKUT/125/WSD2.pkl,54
EKUT/125/WSD2.pkl,55
EKUT/125/WSD2.pkl,56
EKUT/125/WSD2.pkl,57
EKUT/125/WSD2.pkl,67
EKUT/125/WSD2.pkl,68
EKUT/125/WSD2.pkl,69
EKUT/125/WSD2.pkl,70
EKUT/125/WSD3.pkl,43
EKUT/125/WSD3.pkl,44
EKUT/125/WSD3.pkl,45
EKUT/125/WSD3.pkl,46
EKUT/125/WSD3.pkl,47
EKUT/125/WSD3.pkl,48
EKUT/125/WSD3.pkl,49
EKUT/125/WSD3.pkl,50
EKUT/125/WSD3.pkl,51
EKUT/125/WSD3.pkl,52
EKUT/125/WSD3.pkl,53
EKUT/125/WSD3.pkl,54
EKUT/125/WSD3.pkl,55
EKUT/125/WSD3.pkl,56
EKUT/125/WSD3.pkl,57
EKUT/125/WSD3.pkl,58
EKUT/125/WSD3.pkl,59
EKUT/125/WSD3.pkl,60
EKUT/125/WSD3.pkl,61
EKUT/125/WSD3.pkl,62
EKUT/125/WSD3.pkl,63
EKUT/125/WSD3.pkl,64
EKUT/125/WSD3.pkl,65
EKUT/125/WSD3.pkl,66
EKUT/125/WSD3.pkl,67
EKUT/125/WSD3.pkl,68
EKUT/125/WSD3.pkl,69
EKUT/125/WSD3.pkl,70
EKUT/125/WSD3.pkl,71
EKUT/125/WSD3.pkl,72
EKUT/125/WSD3.pkl,75
EKUT/125/WSD3.pkl,76
EKUT/125/WSD3.pkl,77
EKUT/125/WSD3.pkl,78
EKUT/125/WSD3.pkl,79
EKUT/125/WSD3.pkl,80
EKUT/125/WSD3.pkl,81
EKUT/125/WSD3.pkl,82
EKUT/125/WSD3.pkl,83
EKUT/125/WSD3.pkl,84
EKUT/125/WSD3.pkl,85
EKUT/125/WSD3.pkl,86
EKUT/125/WSD3.pkl,95
EKUT/125/WSD3.pkl,96
EKUT/125/WSD3.pkl,97
EKUT/125/WSD3.pkl,98
EKUT/125/WSD3.pkl,99
EKUT/125/WSD3.pkl,100
EKUT/125/WSD3.pkl,101
EKUT/125/WSD5.pkl,43
EKUT/125/WSD5.pkl,44
EKUT/125/WSD5.pkl,45
EKUT/125/WSD5.pkl,46
EKUT/125/WSD5.pkl,47
EKUT/125/WSD5.pkl,48
EKUT/125/WSD5.pkl,49
EKUT/125/WSD5.pkl,50
EKUT/125/WSD5.pkl,51
EKUT/125/WSD5.pkl,52
EKUT/125/WSD5.pkl,53
EKUT/125/WSD5.pkl,54
EKUT/125/WSD5.pkl,55
EKUT/125/WSD5.pkl,56
EKUT/125/WSD5.pkl,61
EKUT/125/WSD5.pkl,62
EKUT/125/WSD5.pkl,63
EKUT/125/WSD5.pkl,64
EKUT/125/WSD5.pkl,72
EKUT/125/WSD5.pkl,73
EKUT/125/WSD5.pkl,74
EKUT/125/WSD5.pkl,75
EKUT/125/WSD5.pkl,76
EKUT/125/WSD5.pkl,77
EKUT/125/WSD5.pkl,85
EKUT/125/WSD5.pkl,86
EKUT/125/WSD5.pkl,87
EKUT/125/WSD5.pkl,88
EKUT/125/WSD5.pkl,89
EKUT/234/BEAM01.pkl,103
EKUT/234/BEAM01.pkl,104
EKUT/234/BEAM01.pkl,105
EKUT/234/BEAM01.pkl,106
EKUT/234/BEAM01.pkl,107
EKUT/234/WSDF05.pkl,0
EKUT/234/WSDF05.pkl,1
EKUT/234/WSDF05.pkl,2
EKUT/234/WSDF05.pkl,3
EKUT/234/WSDF05.pkl,4
EKUT/234/WSDF05.pkl,5
EKUT/234/WSDF05.pkl,9
EKUT/234/WSDF05.pkl,10
EKUT/234/WSDF05.pkl,11
EKUT/234/WSDF05.pkl,12
EKUT/234/WSDF05.pkl,13
EKUT/234/WSDF05.pkl,14
EKUT/234/WSDF05.pkl,15
EKUT/234/WSDF05.pkl,16
EKUT/234/WSDF05.pkl,17
EKUT/234/WSDF05.pkl,18
EKUT/234/WSDF05.pkl,19
EKUT/234/WSDF05.pkl,20
EKUT/234/WSDF05.pkl,21
EKUT/234/WSDF05.pkl,22
EKUT/234/WSDF05.pkl,23
EKUT/234/WSDF05.pkl,24
EKUT/234/WSDF05.pkl,25
EKUT/234/WSDF05.pkl,26
EKUT/234/WSDF05.pkl,27
EKUT/234/WSDF05.pkl,28
EKUT/234/WSDF05.pkl,29
EKUT/234/WSDF05.pkl,30
EKUT/234/WSDF05.pkl,31
EKUT/234/WSDF05.pkl,32
EKUT/234/WSDF05.pkl,33
EKUT/234/WSDF05.pkl,34
EKUT/234/WSDF05.pkl,35
EKUT/234/WSDF05.pkl,36
EKUT/234/WSDF05.pkl,37
EKUT/234/WSDF05.pkl,38
EKUT/234/WSDF05.pkl,39
EKUT/234/WSDF05.pkl,40
EKUT/234/WSDF05.pkl,41
EKUT/234/WSDF05.pkl,42
EKUT/234/WSDF05.pkl,43
EKUT/234/WSDF05.pkl,44
EKUT/234/WSDF05.pkl,45
EKUT/234/WSDF05.pkl,46
EKUT/234/WSDF05.pkl,47
EKUT/234/WSDF05.pkl,48
EKUT/234/WSDF05.pkl,49
EKUT/234/WSDF05.pkl,50
EKUT/234/WSDF05.pkl,51
EKUT/234/WSDF05.pkl,52
EKUT/234/WSDF05.pkl,53
EKUT/234/WSDF05.pkl,54
EKUT/234/WSDF05.pkl,55
EKUT/234/WSDF05.pkl,56
EKUT/234/WSDF05.pkl,57
EKUT/234/WSDF05.pkl,58
EKUT/234/WSDF05.pkl,59
EKUT/234/WSDF05.pkl,60
EKUT/234/WSDF05.pkl,61
EKUT/234/WSDF05.pkl,70
EKUT/234/WSDF05.pkl,71
EKUT/265/BEAMN02.pkl,79
EKUT/265/SLPD202.pkl,43
EKUT/265/SLPD202.pkl,51
EKUT/265/SLPD202.pkl,52
EKUT/265/SLPD202.pkl,53
EKUT/265/SLPD202.pkl,60
EKUT/265/SLPD202.pkl,61
EKUT/265/SLPD202.pkl,62
EKUT/265/SLPD202.pkl,72
EKUT/265/SLPD202.pkl,73
EKUT/265/SLPD203.pkl,26
EKUT/265/SLPD203.pkl,27
EKUT/265/SLPD203.pkl,28
EKUT/265/SLPD203.pkl,29
EKUT/265/SLPD203.pkl,30
EKUT/265/SLPD203.pkl,31
EKUT/265/SLPD203.pkl,32
EKUT/265/SLPD203.pkl,33
EKUT/265/SLPD203.pkl,39
EKUT/265/SLPD203.pkl,40
EKUT/265/SLPD203.pkl,41
EKUT/265/SLPD203.pkl,47
EKUT/265/SLPD203.pkl,48
EKUT/265/SLPD203.pkl,49
EKUT/265/SLPD305.pkl,8
EKUT/265/SLPD305.pkl,9
EKUT/265/SLPD305.pkl,16
EKUT/265/SLPD305.pkl,17
EKUT/265/SLPD305.pkl,25
EKUT/265/SLPD305.pkl,26
EKUT/265/SLPD305.pkl,35
EKUT/265/SLPD305.pkl,36
EKUT/265/SLPD305.pkl,37
EKUT/265/SLPD305.pkl,38
EKUT/265/SLPD305.pkl,39
EKUT/265/SLPD305.pkl,40
EKUT/265/SLPD305.pkl,41
KIT/167/downstairs04.pkl,54
KIT/167/downstairs04.pkl,55
KIT/167/downstairs04.pkl,56
KIT/167/downstairs04.pkl,66
KIT/167/downstairs04.pkl,67
KIT/167/downstairs04.pkl,68
KIT/167/downstairs04.pkl,78
KIT/167/downstairs04.pkl,79
KIT/167/downstairs04.pkl,80
KIT/167/downstairs04.pkl,90
KIT/167/downstairs04.pkl,91
KIT/167/downstairs04.pkl,92
KIT/167/downstairs04.pkl,93
KIT/167/downstairs04.pkl,94
KIT/167/downstairs04.pkl,95
KIT/167/downstairs04.pkl,96
KIT/167/downstairs04.pkl,97
KIT/167/downstairs04.pkl,98
KIT/167/downstairs09.pkl,29
KIT/167/downstairs09.pkl,30
KIT/167/downstairs09.pkl,40
KIT/167/downstairs09.pkl,41
KIT/167/downstairs09.pkl,50
KIT/167/downstairs09.pkl,51
KIT/167/downstairs09.pkl,52
KIT/167/downstairs09.pkl,61
KIT/167/downstairs09.pkl,62
KIT/167/downstairs09.pkl,63
KIT/167/downstairs09.pkl,64
KIT/167/downstairs09.pkl,65
KIT/167/downstairs09.pkl,66
KIT/167/downstairs09.pkl,67
KIT/167/downstairs09.pkl,68
KIT/167/downstairs09.pkl,69
KIT/167/downstairs09.pkl,70
KIT/167/downstairs09.pkl,71
KIT/167/downstairs09.pkl,72
KIT/167/downstairs09.pkl,73
KIT/167/downstairs09.pkl,74
KIT/167/downstairs09.pkl,75
KIT/167/downstairs09.pkl,76
KIT/167/downstairs10.pkl,43
KIT/167/downstairs10.pkl,44
KIT/167/downstairs10.pkl,55
KIT/167/downstairs10.pkl,56
KIT/167/downstairs10.pkl,68
KIT/167/downstairs10.pkl,69
KIT/167/downstairs10.pkl,79
KIT/167/upstairs_downstairs01.pkl,113
KIT/167/upstairs_downstairs01.pkl,114
KIT/167/upstairs_downstairs01.pkl,115
KIT/167/upstairs_downstairs01.pkl,116
KIT/167/upstairs_downstairs01.pkl,117
KIT/167/upstairs_downstairs01.pkl,125
KIT/167/upstairs_downstairs01.pkl,126
KIT/167/upstairs_downstairs01.pkl,127
KIT/167/upstairs_downstairs01.pkl,128
KIT/167/upstairs_downstairs01.pkl,132
KIT/167/upstairs_downstairs01.pkl,133
KIT/167/upstairs_downstairs01.pkl,134
KIT/167/upstairs_downstairs01.pkl,135
KIT/167/upstairs_downstairs01.pkl,136
KIT/167/upstairs_downstairs01.pkl,137
KIT/167/upstairs_downstairs01.pkl,141
KIT/167/upstairs_downstairs01.pkl,145
KIT/167/upstairs_downstairs01.pkl,146
KIT/167/upstairs_downstairs01.pkl,147
KIT/167/upstairs_downstairs01.pkl,148
KIT/167/upstairs_downstairs01.pkl,149
KIT/167/upstairs_downstairs01.pkl,150
KIT/167/upstairs_downstairs01.pkl,151
KIT/167/upstairs_downstairs01.pkl,152
KIT/167/upstairs_downstairs01.pkl,153
KIT/167/upstairs_downstairs01.pkl,154
KIT/167/upstairs_downstairs01.pkl,155
KIT/167/upstairs_downstairs01.pkl,157
KIT/167/upstairs_downstairs01.pkl,158
KIT/167/upstairs_downstairs01.pkl,159
KIT/167/upstairs_downstairs01.pkl,160
KIT/167/upstairs_downstairs01.pkl,161
KIT/167/upstairs_downstairs02.pkl,117
KIT/167/upstairs_downstairs02.pkl,118
KIT/167/upstairs_downstairs02.pkl,119
KIT/167/upstairs_downstairs02.pkl,120
KIT/167/upstairs_downstairs02.pkl,121
KIT/167/upstairs_downstairs02.pkl,122
KIT/167/upstairs_downstairs02.pkl,132
KIT/167/upstairs_downstairs02.pkl,133
KIT/167/upstairs_downstairs02.pkl,142
KIT/167/upstairs_downstairs02.pkl,143
KIT/167/upstairs_downstairs02.pkl,156
KIT/167/upstairs_downstairs02.pkl,157
KIT/167/upstairs_downstairs03.pkl,121
KIT/167/upstairs_downstairs03.pkl,122
KIT/167/upstairs_downstairs03.pkl,130
KIT/167/upstairs_downstairs03.pkl,131
KIT/167/upstairs_downstairs03.pkl,132
KIT/167/upstairs_downstairs03.pkl,141
KIT/167/upstairs_downstairs03.pkl,142
KIT/167/upstairs_downstairs03.pkl,143
KIT/167/upstairs_downstairs03.pkl,144
KIT/167/upstairs_downstairs03.pkl,145
KIT/167/upstairs_downstairs03.pkl,146
KIT/167/upstairs_downstairs03.pkl,147
KIT/167/upstairs_downstairs03.pkl,148
KIT/167/upstairs_downstairs03.pkl,153
KIT/167/upstairs_downstairs03.pkl,154
KIT/167/upstairs_downstairs03.pkl,155
KIT/167/upstairs_downstairs03.pkl,156
KIT/167/upstairs_downstairs03.pkl,157
KIT/183/downstairs01.pkl,43
KIT/183/downstairs01.pkl,44
KIT/183/downstairs01.pkl,45
KIT/183/downstairs01.pkl,46
KIT/183/downstairs01.pkl,47
KIT/183/downstairs01.pkl,48
KIT/183/downstairs01.pkl,49
KIT/183/downstairs01.pkl,50
KIT/183/downstairs01.pkl,62
KIT/183/downstairs01.pkl,63
KIT/183/downstairs01.pkl,64
KIT/183/downstairs01.pkl,65
KIT/183/downstairs01.pkl,82
KIT/183/downstairs01.pkl,83
KIT/183/downstairs01.pkl,84
KIT/183/downstairs01.pkl,85
KIT/183/downstairs01.pkl,86
KIT/183/downstairs01.pkl,87
KIT/183/downstairs01.pkl,88
KIT/183/downstairs01.pkl,89
KIT/183/downstairs01.pkl,90
KIT/183/downstairs01.pkl,91
KIT/183/downstairs01.pkl,92
KIT/183/downstairs01.pkl,93
KIT/3/downstairs06.pkl,63
KIT/3/downstairs06.pkl,64
KIT/3/downstairs06.pkl,65
KIT/3/downstairs06.pkl,66
KIT/3/downstairs06.pkl,67
KIT/3/downstairs06.pkl,69
KIT/3/downstairs06.pkl,70
KIT/3/downstairs06.pkl,71
KIT/3/downstairs06.pkl,72
KIT/3/downstairs06.pkl,73
KIT/3/downstairs06.pkl,74
KIT/3/downstairs06.pkl,75
KIT/3/downstairs06.pkl,76
KIT/3/downstairs06.pkl,77
KIT/3/downstairs06.pkl,78
KIT/3/downstairs06.pkl,79
KIT/3/downstairs06.pkl,80
KIT/3/downstairs06.pkl,81
KIT/3/downstairs06.pkl,82
KIT/3/downstairs06.pkl,83
KIT/3/downstairs06.pkl,84
KIT/3/downstairs06.pkl,85
KIT/3/downstairs06.pkl,86
KIT/3/downstairs06.pkl,87
KIT/3/downstairs06.pkl,91
KIT/3/downstairs06.pkl,92
KIT/3/downstairs06.pkl,93
KIT/3/downstairs06.pkl,94
KIT/3/downstairs06.pkl,95
KIT/3/downstairs06.pkl,96
KIT/3/downstairs06.pkl,97
KIT/3/downstairs06.pkl,98
KIT/3/downstairs06.pkl,99
KIT/3/downstairs06.pkl,100
KIT/3/downstairs06.pkl,101
KIT/3/downstairs06.pkl,102
KIT/3/downstairs06.pkl,103
KIT/3/downstairs06.pkl,104
KIT/3/downstairs06.pkl,113
KIT/3/downstairs06.pkl,114
KIT/3/downstairs06.pkl,115
KIT/3/downstairs08.pkl,45
KIT/3/downstairs08.pkl,46
KIT/3/downstairs08.pkl,47
KIT/3/downstairs08.pkl,48
KIT/3/downstairs08.pkl,49
KIT/3/downstairs08.pkl,50
KIT/3/downstairs08.pkl,53
KIT/3/downstairs08.pkl,54
KIT/3/downstairs08.pkl,55
KIT/3/downstairs08.pkl,56
KIT/3/downstairs08.pkl,57
KIT/3/downstairs08.pkl,58
KIT/3/downstairs08.pkl,59
KIT/3/downstairs08.pkl,71
KIT/3/downstairs08.pkl,72
KIT/3/downstairs08.pkl,73
KIT/3/downstairs08.pkl,74
KIT/3/downstairs08.pkl,75
KIT/3/downstairs08.pkl,76
KIT/3/downstairs08.pkl,77
KIT/3/downstairs08.pkl,78
KIT/3/downstairs08.pkl,79
KIT/3/downstairs08.pkl,80
KIT/3/downstairs08.pkl,81
KIT/3/downstairs08.pkl,83
KIT/3/downstairs08.pkl,84
KIT/3/downstairs08.pkl,85
KIT/3/downstairs08.pkl,86
KIT/3/downstairs08.pkl,87
KIT/3/downstairs08.pkl,95
KIT/3/downstairs08.pkl,96
KIT/3/downstairs08.pkl,97
KIT/3/upstairs_downstairs01.pkl,140
KIT/3/upstairs_downstairs01.pkl,141
KIT/3/upstairs_downstairs01.pkl,142
KIT/3/upstairs_downstairs01.pkl,146
KIT/3/upstairs_downstairs01.pkl,147
KIT/3/upstairs_downstairs01.pkl,148
KIT/3/upstairs_downstairs01.pkl,149
KIT/3/upstairs_downstairs01.pkl,157
KIT/3/upstairs_downstairs01.pkl,158
KIT/3/upstairs_downstairs01.pkl,159
KIT/3/upstairs_downstairs01.pkl,160
KIT/3/upstairs_downstairs01.pkl,161
KIT/3/upstairs_downstairs01.pkl,162
KIT/3/upstairs_downstairs01.pkl,163
KIT/3/upstairs_downstairs01.pkl,164
KIT/3/upstairs_downstairs01.pkl,165
KIT/3/upstairs_downstairs01.pkl,166
KIT/3/upstairs_downstairs01.pkl,167
KIT/3/upstairs_downstairs01.pkl,168
KIT/3/upstairs_downstairs01.pkl,169
KIT/3/upstairs_downstairs01.pkl,170
KIT/3/upstairs_downstairs01.pkl,173
KIT/3/upstairs_downstairs01.pkl,174
KIT/3/upstairs_downstairs01.pkl,175
KIT/3/upstairs_downstairs01.pkl,178
KIT/3/upstairs_downstairs01.pkl,179
KIT/3/upstairs_downstairs01.pkl,180
KIT/3/upstairs_downstairs01.pkl,181
KIT/3/upstairs_downstairs01.pkl,182
KIT/3/upstairs_downstairs04.pkl,120
KIT/3/upstairs_downstairs04.pkl,121
KIT/3/upstairs_downstairs04.pkl,122
KIT/3/upstairs_downstairs04.pkl,123
KIT/3/upstairs_downstairs04.pkl,124
KIT/3/upstairs_downstairs04.pkl,125
KIT/3/upstairs_downstairs04.pkl,126
KIT/3/upstairs_downstairs04.pkl,127
KIT/3/upstairs_downstairs04.pkl,128
KIT/3/upstairs_downstairs04.pkl,129
KIT/3/upstairs_downstairs04.pkl,130
KIT/3/upstairs_downstairs04.pkl,131
KIT/3/upstairs_downstairs04.pkl,132
KIT/3/upstairs_downstairs04.pkl,133
KIT/3/upstairs_downstairs04.pkl,134
KIT/3/upstairs_downstairs04.pkl,135
KIT/3/upstairs_downstairs04.pkl,136
KIT/3/upstairs_downstairs04.pkl,137
KIT/3/upstairs_downstairs04.pkl,138
KIT/3/upstairs_downstairs04.pkl,139
KIT/3/upstairs_downstairs04.pkl,150
KIT/3/upstairs_downstairs04.pkl,151
KIT/3/upstairs_downstairs04.pkl,152
KIT/3/upstairs_downstairs04.pkl,153
KIT/3/upstairs_downstairs04.pkl,154
KIT/3/upstairs_downstairs04.pkl,155
KIT/3/upstairs_downstairs07.pkl,105
KIT/3/upstairs_downstairs07.pkl,109
KIT/3/upstairs_downstairs07.pkl,110
KIT/3/upstairs_downstairs07.pkl,111
KIT/3/upstairs_downstairs07.pkl,112
KIT/3/upstairs_downstairs07.pkl,113
KIT/3/upstairs_downstairs07.pkl,114
KIT/3/upstairs_downstairs07.pkl,115
KIT/3/upstairs_downstairs07.pkl,116
KIT/3/upstairs_downstairs07.pkl,117
KIT/3/upstairs_downstairs07.pkl,118
KIT/3/upstairs_downstairs07.pkl,119
KIT/3/upstairs_downstairs07.pkl,120
KIT/3/upstairs_downstairs07.pkl,121
KIT/3/upstairs_downstairs07.pkl,122
KIT/3/upstairs_downstairs07.pkl,123
KIT/3/upstairs_downstairs07.pkl,124
KIT/3/upstairs_downstairs07.pkl,125
KIT/3/upstairs_downstairs07.pkl,126
KIT/3/upstairs_downstairs07.pkl,127
KIT/3/upstairs_downstairs07.pkl,128
KIT/3/upstairs_downstairs07.pkl,129
KIT/3/upstairs_downstairs07.pkl,130
KIT/3/upstairs_downstairs07.pkl,131
KIT/3/upstairs_downstairs07.pkl,132
KIT/3/upstairs_downstairs07.pkl,136
KIT/3/upstairs_downstairs07.pkl,137
KIT/3/upstairs_downstairs07.pkl,139
KIT/3/upstairs_downstairs07.pkl,140
KIT/3/upstairs_downstairs07.pkl,141
KIT/314/go_over_beam02.pkl,116
KIT/314/go_over_beam02.pkl,117
KIT/314/go_over_beam02.pkl,118
KIT/314/go_over_beam02.pkl,119
KIT/314/go_over_beam02.pkl,120
KIT/314/go_over_beam02.pkl,121
KIT/359/downstairs01.pkl,32
KIT/359/downstairs01.pkl,33
KIT/359/downstairs01.pkl,34
KIT/359/downstairs01.pkl,35
KIT/359/downstairs01.pkl,36
KIT/359/downstairs01.pkl,37
KIT/359/downstairs01.pkl,38
KIT/359/downstairs01.pkl,39
KIT/359/downstairs01.pkl,40
KIT/359/downstairs01.pkl,41
KIT/359/downstairs01.pkl,42
KIT/359/downstairs01.pkl,43
KIT/359/downstairs01.pkl,44
KIT/359/downstairs01.pkl,45
KIT/359/downstairs01.pkl,46
KIT/359/downstairs01.pkl,47
KIT/359/downstairs01.pkl,48
KIT/359/downstairs01.pkl,49
KIT/359/downstairs01.pkl,50
KIT/359/downstairs01.pkl,51
KIT/359/downstairs01.pkl,52
KIT/359/downstairs01.pkl,53
KIT/359/downstairs01.pkl,54
KIT/359/downstairs01.pkl,55
KIT/359/downstairs01.pkl,56
KIT/359/downstairs01.pkl,57
KIT/359/downstairs01.pkl,58
KIT/359/downstairs01.pkl,59
KIT/359/downstairs01.pkl,60
KIT/359/downstairs01.pkl,61
KIT/359/downstairs01.pkl,62
KIT/359/downstairs01.pkl,63
KIT/359/downstairs01.pkl,64
KIT/359/downstairs01.pkl,65
KIT/359/downstairs01.pkl,66
KIT/359/downstairs01.pkl,67
KIT/359/downstairs01.pkl,68
KIT/359/downstairs01.pkl,69
KIT/359/downstairs01.pkl,70
KIT/359/downstairs01.pkl,71
KIT/359/downstairs01.pkl,79
KIT/359/downstairs01.pkl,80
KIT/359/downstairs01.pkl,81
KIT/359/downstairs01.pkl,82
KIT/359/downstairs01.pkl,83
KIT/359/downstairs01.pkl,87
KIT/359/downstairs06.pkl,53
KIT/359/downstairs06.pkl,54
KIT/359/downstairs06.pkl,55
KIT/359/downstairs06.pkl,56
KIT/359/downstairs06.pkl,57
KIT/359/downstairs06.pkl,58
KIT/359/downstairs06.pkl,59
KIT/359/downstairs06.pkl,60
KIT/359/downstairs06.pkl,61
KIT/359/downstairs06.pkl,62
KIT/359/downstairs06.pkl,63
KIT/359/downstairs06.pkl,64
KIT/359/downstairs06.pkl,65
KIT/359/downstairs06.pkl,66
KIT/359/downstairs06.pkl,67
KIT/359/downstairs06.pkl,68
KIT/359/downstairs06.pkl,69
KIT/359/downstairs06.pkl,70
KIT/359/downstairs06.pkl,71
KIT/359/downstairs06.pkl,72
KIT/359/downstairs06.pkl,73
KIT/359/downstairs06.pkl,74
KIT/359/downstairs06.pkl,75
KIT/359/downstairs06.pkl,76
KIT/359/downstairs06.pkl,82
KIT/359/downstairs06.pkl,83
KIT/359/downstairs06.pkl,84
KIT/359/downstairs06.pkl,85
KIT/359/downstairs06.pkl,86
KIT/359/downstairs06.pkl,87
KIT/359/downstairs06.pkl,88
KIT/359/downstairs06.pkl,89
KIT/359/downstairs06.pkl,90
KIT/359/upstairs_downstairs03.pkl,139
KIT/359/upstairs_downstairs03.pkl,140
KIT/359/upstairs_downstairs03.pkl,141
KIT/359/upstairs_downstairs03.pkl,142
KIT/359/upstairs_downstairs03.pkl,143
KIT/359/upstairs_downstairs03.pkl,144
KIT/359/upstairs_downstairs03.pkl,145
KIT/359/upstairs_downstairs03.pkl,146
KIT/359/upstairs_downstairs03.pkl,147
KIT/359/upstairs_downstairs03.pkl,148
KIT/359/upstairs_downstairs03.pkl,149
KIT/359/upstairs_downstairs03.pkl,150
KIT/359/upstairs_downstairs03.pkl,151
KIT/359/upstairs_downstairs03.pkl,152
KIT/359/upstairs_downstairs03.pkl,153
KIT/359/upstairs_downstairs03.pkl,154
KIT/359/upstairs_downstairs03.pkl,155
KIT/359/upstairs_downstairs03.pkl,156
KIT/359/upstairs_downstairs03.pkl,157
KIT/359/upstairs_downstairs03.pkl,158
KIT/359/upstairs_downstairs03.pkl,159
KIT/359/upstairs_downstairs03.pkl,160
KIT/359/upstairs_downstairs03.pkl,161
KIT/359/upstairs_downstairs03.pkl,162
KIT/359/upstairs_downstairs03.pkl,163
KIT/359/upstairs_downstairs03.pkl,164
KIT/359/upstairs_downstairs03.pkl,165
KIT/359/upstairs_downstairs03.pkl,172
KIT/359/upstairs_downstairs03.pkl,173
KIT/359/upstairs_downstairs03.pkl,174
KIT/359/upstairs_downstairs03.pkl,175
KIT/359/upstairs_downstairs03.pkl,176
KIT/359/upstairs_downstairs03.pkl,177
KIT/359/upstairs_downstairs03.pkl,178
KIT/359/upstairs_downstairs03.pkl,179
KIT/359/upstairs_downstairs03.pkl,180
KIT/359/upstairs_downstairs03.pkl,181
KIT/359/upstairs_downstairs03.pkl,182
KIT/359/upstairs_downstairs03.pkl,183
KIT/359/upstairs_downstairs03.pkl,184
KIT/359/upstairs_downstairs03.pkl,185
KIT/359/upstairs_downstairs03.pkl,186
KIT/359/upstairs_downstairs03.pkl,187
KIT/359/upstairs_downstairs03.pkl,188
KIT/359/upstairs_downstairs03.pkl,189
KIT/359/upstairs_downstairs03.pkl,190
KIT/359/upstairs_downstairs03.pkl,191
KIT/359/upstairs_downstairs03.pkl,192
KIT/359/upstairs_downstairs03.pkl,193
KIT/359/upstairs_downstairs03.pkl,194
KIT/359/upstairs_downstairs03.pkl,195
KIT/359/upstairs_downstairs03.pkl,196
KIT/359/upstairs_downstairs03.pkl,197
KIT/359/upstairs_downstairs03.pkl,198
KIT/359/upstairs_downstairs03.pkl,199
KIT/359/upstairs_downstairs03.pkl,200
KIT/359/upstairs_downstairs03.pkl,201
KIT/359/upstairs_downstairs03.pkl,202
KIT/359/upstairs_downstairs03.pkl,203
KIT/359/upstairs_downstairs03.pkl,204
KIT/359/upstairs_downstairs03.pkl,205
KIT/359/upstairs_downstairs03.pkl,210
KIT/359/upstairs_downstairs03.pkl,211
KIT/359/upstairs_downstairs03.pkl,212
KIT/359/upstairs_downstairs03.pkl,213
KIT/359/upstairs_downstairs03.pkl,214
KIT/359/upstairs_downstairs03.pkl,215
KIT/359/upstairs_downstairs03.pkl,216
KIT/359/upstairs_downstairs03.pkl,217
KIT/359/upstairs_downstairs03.pkl,218
KIT/423/downstairs03.pkl,12
KIT/423/downstairs03.pkl,13
KIT/423/downstairs03.pkl,14
KIT/423/downstairs03.pkl,15
KIT/423/downstairs03.pkl,16
KIT/423/downstairs03.pkl,17
KIT/423/downstairs03.pkl,18
KIT/423/downstairs03.pkl,19
KIT/423/downstairs03.pkl,20
KIT/423/downstairs03.pkl,21
KIT/423/downstairs03.pkl,22
KIT/423/downstairs03.pkl,23
KIT/423/downstairs03.pkl,24
KIT/423/downstairs03.pkl,25
KIT/423/downstairs03.pkl,26
KIT/423/downstairs03.pkl,27
KIT/423/downstairs03.pkl,28
KIT/423/downstairs03.pkl,29
KIT/423/downstairs03.pkl,30
KIT/423/downstairs03.pkl,31
KIT/423/downstairs03.pkl,32
KIT/423/downstairs03.pkl,33
KIT/423/downstairs03.pkl,34
KIT/423/downstairs03.pkl,35
KIT/423/downstairs03.pkl,36
KIT/423/downstairs03.pkl,37
KIT/423/downstairs03.pkl,38
KIT/423/downstairs03.pkl,39
KIT/423/downstairs03.pkl,46
KIT/423/downstairs03.pkl,47
KIT/423/downstairs03.pkl,48
KIT/423/downstairs03.pkl,49
KIT/423/downstairs03.pkl,58
KIT/423/downstairs03.pkl,59
KIT/423/downstairs03.pkl,60
KIT/423/downstairs03.pkl,61
KIT/423/downstairs03.pkl,62
KIT/423/downstairs04.pkl,0
KIT/423/downstairs04.pkl,1
KIT/423/downstairs04.pkl,2
KIT/423/downstairs04.pkl,3
KIT/423/downstairs04.pkl,4
KIT/423/downstairs04.pkl,5
KIT/423/downstairs04.pkl,6
KIT/423/downstairs04.pkl,7
KIT/423/downstairs04.pkl,8
KIT/423/downstairs04.pkl,9
KIT/423/downstairs04.pkl,10
KIT/423/downstairs04.pkl,11
KIT/423/downstairs04.pkl,12
KIT/423/downstairs04.pkl,13
KIT/423/downstairs04.pkl,14
KIT/423/downstairs04.pkl,15
KIT/423/downstairs04.pkl,16
KIT/423/downstairs04.pkl,24
KIT/423/downstairs04.pkl,25
KIT/423/downstairs04.pkl,26
KIT/423/downstairs04.pkl,27
KIT/423/downstairs04.pkl,28
KIT/423/downstairs04.pkl,29
KIT/423/downstairs04.pkl,30
KIT/423/downstairs04.pkl,31
KIT/423/downstairs04.pkl,32
KIT/423/downstairs04.pkl,33
KIT/423/downstairs04.pkl,34
KIT/423/downstairs04.pkl,35
KIT/423/downstairs04.pkl,36
KIT/423/downstairs04.pkl,37
KIT/423/downstairs04.pkl,38
KIT/423/downstairs04.pkl,39
KIT/423/downstairs04.pkl,40
KIT/423/downstairs04.pkl,41
KIT/423/downstairs04.pkl,42
KIT/423/downstairs04.pkl,43
KIT/423/downstairs04.pkl,44
KIT/423/downstairs04.pkl,45
KIT/423/downstairs04.pkl,46
KIT/423/upstairs_downstairs03.pkl,140
KIT/423/upstairs_downstairs03.pkl,141
KIT/423/upstairs_downstairs03.pkl,142
KIT/423/upstairs_downstairs03.pkl,143
KIT/423/upstairs_downstairs03.pkl,144
KIT/423/upstairs_downstairs03.pkl,145
KIT/423/upstairs_downstairs03.pkl,146
KIT/423/upstairs_downstairs03.pkl,147
KIT/423/upstairs_downstairs03.pkl,148
KIT/423/upstairs_downstairs03.pkl,149
KIT/423/upstairs_downstairs03.pkl,150
KIT/423/upstairs_downstairs03.pkl,151
KIT/423/upstairs_downstairs03.pkl,152
KIT/423/upstairs_downstairs03.pkl,153
KIT/423/upstairs_downstairs03.pkl,154
KIT/423/upstairs_downstairs03.pkl,155
KIT/423/upstairs_downstairs03.pkl,156
KIT/423/upstairs_downstairs03.pkl,157
KIT/423/upstairs_downstairs03.pkl,158
KIT/423/upstairs_downstairs03.pkl,159
KIT/423/upstairs_downstairs03.pkl,160
KIT/423/upstairs_downstairs03.pkl,161
KIT/423/upstairs_downstairs03.pkl,162
KIT/423/upstairs_downstairs03.pkl,163
KIT/423/upstairs_downstairs03.pkl,164
KIT/423/upstairs_downstairs03.pkl,165
KIT/423/upstairs_downstairs03.pkl,166
KIT/423/upstairs_downstairs03.pkl,167
KIT/423/upstairs_downstairs03.pkl,168
KIT/423/upstairs_downstairs03.pkl,169
KIT/423/upstairs_downstairs03.pkl,170
KIT/423/upstairs_downstairs03.pkl,180
KIT/423/upstairs_downstairs03.pkl,181
KIT/423/upstairs_downstairs03.pkl,182
KIT/423/upstairs_downstairs03.pkl,183
KIT/423/upstairs_downstairs06.pkl,116
KIT/423/upstairs_downstairs06.pkl,117
KIT/423/upstairs_downstairs06.pkl,118
KIT/423/upstairs_downstairs06.pkl,119
KIT/423/upstairs_downstairs06.pkl,120
KIT/423/upstairs_downstairs06.pkl,121
KIT/423/upstairs_downstairs06.pkl,122
KIT/423/upstairs_downstairs06.pkl,123
KIT/423/upstairs_downstairs06.pkl,124
KIT/423/upstairs_downstairs06.pkl,125
KIT/423/upstairs_downstairs06.pkl,126
KIT/423/upstairs_downstairs06.pkl,127
KIT/423/upstairs_downstairs06.pkl,128
KIT/423/upstairs_downstairs06.pkl,129
KIT/423/upstairs_downstairs06.pkl,130
KIT/423/upstairs_downstairs06.pkl,131
KIT/423/upstairs_downstairs06.pkl,132
KIT/423/upstairs_downstairs06.pkl,133
KIT/423/upstairs_downstairs06.pkl,134
KIT/423/upstairs_downstairs06.pkl,135
KIT/423/upstairs_downstairs06.pkl,136
KIT/423/upstairs_downstairs06.pkl,137
KIT/423/upstairs_downstairs06.pkl,138
KIT/423/upstairs_downstairs06.pkl,139
KIT/423/upstairs_downstairs06.pkl,140
KIT/423/upstairs_downstairs06.pkl,141
KIT/423/upstairs_downstairs06.pkl,142
KIT/423/upstairs_downstairs06.pkl,143
KIT/423/upstairs_downstairs06.pkl,144
KIT/423/upstairs_downstairs06.pkl,145
KIT/423/upstairs_downstairs06.pkl,146
KIT/423/upstairs_downstairs06.pkl,147
KIT/423/upstairs_downstairs06.pkl,148
KIT/423/upstairs_downstairs06.pkl,157
KIT/423/upstairs_downstairs06.pkl,158
KIT/423/upstairs_downstairs06.pkl,159
KIT/423/upstairs_downstairs06.pkl,160
KIT/423/upstairs_downstairs06.pkl,161
KIT/423/upstairs_downstairs06.pkl,162
KIT/423/upstairs_downstairs06.pkl,163
KIT/423/upstairs_downstairs06.pkl,164
KIT/423/upstairs_downstairs06.pkl,165
KIT/423/upstairs_downstairs06.pkl,166
KIT/423/upstairs_downstairs06.pkl,167
KIT/423/upstairs_downstairs06.pkl,168
KIT/423/upstairs_downstairs06.pkl,169
KIT/423/upstairs_downstairs06.pkl,170
KIT/423/upstairs_downstairs06.pkl,171
KIT/424/downstairs07.pkl,25
KIT/424/downstairs07.pkl,26
KIT/424/downstairs07.pkl,27
KIT/424/downstairs07.pkl,28
KIT/424/downstairs07.pkl,29
KIT/424/downstairs07.pkl,30
KIT/424/downstairs07.pkl,31
KIT/424/downstairs07.pkl,32
KIT/424/downstairs07.pkl,33
KIT/424/downstairs07.pkl,34
KIT/424/downstairs07.pkl,35
KIT/424/downstairs07.pkl,36
KIT/424/downstairs07.pkl,37
KIT/424/downstairs07.pkl,38
KIT/424/downstairs07.pkl,39
KIT/424/downstairs07.pkl,40
KIT/424/downstairs07.pkl,41
KIT/424/downstairs07.pkl,42
KIT/424/downstairs07.pkl,43
KIT/424/downstairs07.pkl,44
KIT/424/downstairs07.pkl,45
KIT/424/downstairs07.pkl,46
KIT/424/downstairs07.pkl,47
KIT/424/downstairs07.pkl,48
KIT/424/downstairs07.pkl,49
KIT/424/downstairs07.pkl,50
KIT/424/downstairs07.pkl,51
KIT/424/downstairs07.pkl,52
KIT/424/downstairs07.pkl,53
KIT/424/downstairs07.pkl,54
KIT/424/downstairs07.pkl,55
KIT/424/seesaw01.pkl,110
KIT/424/seesaw01.pkl,111
KIT/424/seesaw01.pkl,120
KIT/424/seesaw01.pkl,121
KIT/424/seesaw01.pkl,122
KIT/424/seesaw01.pkl,123
KIT/424/upstairs_downstairs01.pkl,130
KIT/424/upstairs_downstairs01.pkl,131
KIT/424/upstairs_downstairs01.pkl,136
KIT/424/upstairs_downstairs01.pkl,137
KIT/424/upstairs_downstairs01.pkl,138
KIT/424/upstairs_downstairs01.pkl,139
KIT/424/upstairs_downstairs01.pkl,140
KIT/424/upstairs_downstairs01.pkl,141
KIT/424/upstairs_downstairs01.pkl,142
KIT/424/upstairs_downstairs01.pkl,143
KIT/424/upstairs_downstairs01.pkl,144
KIT/424/upstairs_downstairs01.pkl,145
KIT/424/upstairs_downstairs01.pkl,146
KIT/424/upstairs_downstairs01.pkl,147
KIT/424/upstairs_downstairs01.pkl,148
KIT/424/upstairs_downstairs01.pkl,149
KIT/424/upstairs_downstairs01.pkl,150
KIT/424/upstairs_downstairs01.pkl,151
KIT/424/upstairs_downstairs01.pkl,152
KIT/424/upstairs_downstairs01.pkl,153
KIT/424/upstairs_downstairs01.pkl,154
KIT/424/upstairs_downstairs01.pkl,155
KIT/424/upstairs_downstairs01.pkl,165
KIT/424/upstairs_downstairs01.pkl,166
KIT/424/upstairs_downstairs01.pkl,167
KIT/424/upstairs_downstairs01.pkl,173
KIT/424/upstairs_downstairs01.pkl,174
KIT/424/upstairs_downstairs01.pkl,175
KIT/424/upstairs_downstairs01.pkl,176
KIT/424/upstairs_downstairs01.pkl,177
KIT/424/upstairs_downstairs01.pkl,178
KIT/424/upstairs_downstairs01.pkl,179
KIT/424/upstairs_downstairs01.pkl,180
KIT/424/upstairs_downstairs01.pkl,181
KIT/424/upstairs_downstairs01.pkl,186
KIT/424/upstairs_downstairs01.pkl,187
KIT/424/upstairs_downstairs01.pkl,188
KIT/424/upstairs_downstairs02.pkl,152
KIT/424/upstairs_downstairs02.pkl,153
KIT/424/upstairs_downstairs02.pkl,154
KIT/424/upstairs_downstairs02.pkl,155
KIT/424/upstairs_downstairs02.pkl,156
KIT/424/upstairs_downstairs02.pkl,157
KIT/424/upstairs_downstairs02.pkl,158
KIT/424/upstairs_downstairs02.pkl,159
KIT/424/upstairs_downstairs02.pkl,160
KIT/424/upstairs_downstairs02.pkl,161
KIT/424/upstairs_downstairs02.pkl,162
KIT/424/upstairs_downstairs02.pkl,163
KIT/424/upstairs_downstairs02.pkl,164
KIT/424/upstairs_downstairs02.pkl,165
KIT/424/upstairs_downstairs02.pkl,166
KIT/424/upstairs_downstairs02.pkl,167
KIT/424/upstairs_downstairs02.pkl,168
KIT/424/upstairs_downstairs02.pkl,169
KIT/424/upstairs_downstairs02.pkl,170
KIT/424/upstairs_downstairs02.pkl,171
KIT/424/upstairs_downstairs02.pkl,172
KIT/424/upstairs_downstairs02.pkl,173
KIT/424/upstairs_downstairs02.pkl,174
KIT/424/upstairs_downstairs02.pkl,175
KIT/424/upstairs_downstairs02.pkl,176
KIT/424/upstairs_downstairs02.pkl,177
KIT/424/upstairs_downstairs02.pkl,178
KIT/424/upstairs_downstairs02.pkl,179
KIT/424/upstairs_downstairs02.pkl,180
KIT/424/upstairs_downstairs02.pkl,181
KIT/424/upstairs_downstairs04.pkl,118
KIT/424/upstairs_downstairs04.pkl,119
KIT/424/upstairs_downstairs04.pkl,120
KIT/424/upstairs_downstairs04.pkl,121
KIT/424/upstairs_downstairs04.pkl,122
KIT/424/upstairs_downstairs04.pkl,123
KIT/424/upstairs_downstairs04.pkl,124
KIT/424/upstairs_downstairs04.pkl,125
KIT/424/upstairs_downstairs04.pkl,126
KIT/424/upstairs_downstairs04.pkl,127
KIT/424/upstairs_downstairs04.pkl,128
KIT/424/upstairs_downstairs04.pkl,129
KIT/424/upstairs_downstairs04.pkl,130
KIT/424/upstairs_downstairs04.pkl,131
KIT/424/upstairs_downstairs04.pkl,132
KIT/424/upstairs_downstairs04.pkl,133
KIT/424/upstairs_downstairs04.pkl,134
KIT/424/upstairs_downstairs04.pkl,135
KIT/424/upstairs_downstairs04.pkl,136
KIT/424/upstairs_downstairs04.pkl,137
KIT/424/upstairs_downstairs04.pkl,138
KIT/424/upstairs_downstairs04.pkl,139
KIT/424/upstairs_downstairs04.pkl,140
KIT/424/upstairs_downstairs04.pkl,141
KIT/424/upstairs_downstairs04.pkl,142
KIT/424/upstairs_downstairs04.pkl,143
KIT/424/upstairs_downstairs04.pkl,144
KIT/424/upstairs_downstairs04.pkl,145
KIT/424/upstairs_downstairs04.pkl,146
KIT/424/upstairs_downstairs04.pkl,153
KIT/424/upstairs_downstairs04.pkl,154
KIT/425/downstairs_04.pkl,15
KIT/425/downstairs_04.pkl,16
KIT/425/downstairs_04.pkl,17
KIT/425/downstairs_04.pkl,18
KIT/425/downstairs_04.pkl,19
KIT/425/downstairs_04.pkl,20
KIT/425/downstairs_04.pkl,23
KIT/425/downstairs_04.pkl,24
KIT/425/downstairs_04.pkl,25
KIT/425/downstairs_04.pkl,26
KIT/425/downstairs_04.pkl,27
KIT/425/downstairs_04.pkl,32
KIT/425/downstairs_04.pkl,33
KIT/425/downstairs_04.pkl,34
KIT/425/downstairs_04.pkl,48
KIT/425/downstairs_06.pkl,23
KIT/425/downstairs_06.pkl,24
KIT/425/downstairs_06.pkl,25
KIT/425/downstairs_06.pkl,26
KIT/425/downstairs_06.pkl,27
KIT/425/downstairs_06.pkl,28
KIT/425/downstairs_06.pkl,29
KIT/425/downstairs_06.pkl,30
KIT/425/downstairs_06.pkl,41
KIT/425/downstairs_06.pkl,42
KIT/425/downstairs_06.pkl,43
KIT/425/downstairs_06.pkl,44
KIT/425/downstairs_06.pkl,45
KIT/425/downstairs_07.pkl,23
KIT/425/downstairs_07.pkl,24
KIT/425/downstairs_07.pkl,25
KIT/425/downstairs_07.pkl,26
KIT/425/downstairs_07.pkl,27
KIT/425/downstairs_07.pkl,28
KIT/425/downstairs_07.pkl,29
KIT/425/downstairs_07.pkl,30
KIT/425/downstairs_07.pkl,31
KIT/425/downstairs_07.pkl,32
KIT/425/downstairs_07.pkl,35
KIT/425/downstairs_07.pkl,36
KIT/425/downstairs_07.pkl,37
KIT/425/downstairs_07.pkl,38
KIT/425/downstairs_07.pkl,39
KIT/425/downstairs_07.pkl,40
KIT/425/downstairs_07.pkl,41
KIT/425/downstairs_07.pkl,42
KIT/425/downstairs_07.pkl,44
KIT/425/downstairs_07.pkl,45
KIT/425/downstairs_07.pkl,46
KIT/425/downstairs_07.pkl,47
KIT/425/downstairs_07.pkl,48
KIT/425/downstairs_07.pkl,49
KIT/425/downstairs_07.pkl,50
KIT/425/downstairs_10.pkl,21
KIT/425/downstairs_10.pkl,22
KIT/425/downstairs_10.pkl,23
KIT/425/downstairs_10.pkl,24
KIT/425/downstairs_10.pkl,25
KIT/425/downstairs_10.pkl,26
KIT/425/downstairs_10.pkl,27
KIT/425/downstairs_10.pkl,28
KIT/425/downstairs_10.pkl,29
KIT/425/downstairs_10.pkl,30
KIT/425/downstairs_10.pkl,31
KIT/425/downstairs_10.pkl,32
KIT/425/downstairs_10.pkl,39
KIT/425/downstairs_10.pkl,40
KIT/425/downstairs_10.pkl,41
KIT/425/downstairs_10.pkl,42
KIT/425/downstairs_10.pkl,43
KIT/425/downstairs_10.pkl,50
KIT/425/downstairs_10.pkl,51
KIT/425/downstairs_10.pkl,52
KIT/425/downstairs_10.pkl,53
KIT/513/downstairs04.pkl,11
KIT/513/downstairs04.pkl,12
KIT/513/downstairs04.pkl,13
KIT/513/downstairs04.pkl,14
KIT/513/downstairs04.pkl,15
KIT/513/downstairs04.pkl,24
KIT/513/downstairs04.pkl,25
KIT/513/downstairs04.pkl,26
KIT/513/downstairs04.pkl,27
KIT/513/downstairs04.pkl,37
KIT/513/downstairs04.pkl,38
KIT/513/downstairs04.pkl,39
KIT/513/downstairs04.pkl,40
KIT/513/downstairs04.pkl,41
KIT/513/downstairs04.pkl,42
KIT/513/downstairs04.pkl,43
KIT/513/upstairs_downstairs03.pkl,69
KIT/513/upstairs_downstairs03.pkl,70
KIT/513/upstairs_downstairs03.pkl,71
KIT/513/upstairs_downstairs03.pkl,72
KIT/513/upstairs_downstairs03.pkl,73
KIT/513/upstairs_downstairs03.pkl,74
KIT/513/upstairs_downstairs03.pkl,76
KIT/513/upstairs_downstairs03.pkl,77
KIT/513/upstairs_downstairs03.pkl,78
KIT/513/upstairs_downstairs03.pkl,79
KIT/513/upstairs_downstairs03.pkl,80
KIT/513/upstairs_downstairs03.pkl,81
KIT/513/upstairs_downstairs03.pkl,82
KIT/513/upstairs_downstairs03.pkl,83
KIT/513/upstairs_downstairs03.pkl,84
KIT/513/upstairs_downstairs03.pkl,85
KIT/513/upstairs_downstairs03.pkl,86
KIT/513/upstairs_downstairs03.pkl,87
KIT/513/upstairs_downstairs03.pkl,88
KIT/513/upstairs_downstairs03.pkl,89
KIT/513/upstairs_downstairs03.pkl,90
KIT/513/upstairs_downstairs03.pkl,91
KIT/513/upstairs_downstairs03.pkl,92
KIT/513/upstairs_downstairs03.pkl,93
KIT/513/upstairs_downstairs03.pkl,94
KIT/513/upstairs_downstairs03.pkl,95
KIT/513/upstairs_downstairs03.pkl,108
KIT/513/upstairs_downstairs03.pkl,109
KIT/513/upstairs_downstairs03.pkl,110
KIT/513/upstairs_downstairs03.pkl,111
KIT/513/upstairs_downstairs03.pkl,112
KIT/513/upstairs_downstairs03.pkl,113
KIT/513/upstairs_downstairs03.pkl,114
KIT/513/upstairs_downstairs03.pkl,116
KIT/513/upstairs_downstairs03.pkl,117
KIT/513/upstairs_downstairs03.pkl,118
KIT/513/upstairs_downstairs04.pkl,66
KIT/513/upstairs_downstairs04.pkl,67
KIT/513/upstairs_downstairs04.pkl,68
KIT/513/upstairs_downstairs04.pkl,70
KIT/513/upstairs_downstairs04.pkl,71
KIT/513/upstairs_downstairs04.pkl,72
KIT/513/upstairs_downstairs04.pkl,73
KIT/513/upstairs_downstairs04.pkl,74
KIT/513/upstairs_downstairs04.pkl,75
KIT/513/upstairs_downstairs04.pkl,80
KIT/513/upstairs_downstairs04.pkl,81
KIT/513/upstairs_downstairs04.pkl,82
KIT/513/upstairs_downstairs04.pkl,83
KIT/513/upstairs_downstairs04.pkl,84
KIT/513/upstairs_downstairs04.pkl,93
KIT/513/upstairs_downstairs04.pkl,94
KIT/513/upstairs_downstairs04.pkl,95
KIT/513/upstairs_downstairs04.pkl,96
KIT/513/upstairs_downstairs04.pkl,97
KIT/513/upstairs_downstairs04.pkl,98
KIT/513/upstairs_downstairs04.pkl,99
KIT/513/upstairs_downstairs04.pkl,100
KIT/513/upstairs_downstairs05.pkl,69
KIT/513/upstairs_downstairs05.pkl,70
KIT/513/upstairs_downstairs05.pkl,71
KIT/513/upstairs_downstairs05.pkl,72
KIT/513/upstairs_downstairs05.pkl,73
KIT/513/upstairs_downstairs05.pkl,74
KIT/513/upstairs_downstairs05.pkl,75
KIT/513/upstairs_downstairs05.pkl,76
KIT/513/upstairs_downstairs05.pkl,85
KIT/513/upstairs_downstairs05.pkl,86
KIT/513/upstairs_downstairs05.pkl,87
KIT/513/upstairs_downstairs05.pkl,97
KIT/513/upstairs_downstairs05.pkl,98
KIT/513/upstairs_downstairs05.pkl,99
KIT/513/upstairs_downstairs06.pkl,77
KIT/513/upstairs_downstairs06.pkl,78
KIT/513/upstairs_downstairs06.pkl,79
KIT/513/upstairs_downstairs06.pkl,80
KIT/513/upstairs_downstairs06.pkl,81
KIT/513/upstairs_downstairs06.pkl,82
KIT/513/upstairs_downstairs06.pkl,83
KIT/513/upstairs_downstairs06.pkl,84
KIT/513/upstairs_downstairs06.pkl,85
KIT/513/upstairs_downstairs06.pkl,86
KIT/513/upstairs_downstairs06.pkl,87
KIT/513/upstairs_downstairs06.pkl,88
KIT/513/upstairs_downstairs06.pkl,89
KIT/513/upstairs_downstairs06.pkl,95
KIT/513/upstairs_downstairs06.pkl,96
KIT/513/upstairs_downstairs06.pkl,97
KIT/513/upstairs_downstairs06.pkl,98
KIT/513/upstairs_downstairs06.pkl,106
KIT/513/upstairs_downstairs06.pkl,107
KIT/513/upstairs_downstairs06.pkl,108
KIT/513/upstairs_downstairs06.pkl,109
KIT/513/upstairs_downstairs06.pkl,110
KIT/513/upstairs_downstairs06.pkl,111
KIT/513/upstairs_downstairs06.pkl,112
